"TIME","GEO","GEO_LABEL","UNIT","S_ADJ","INDIC","Value"
"2017M01","BE","Belgium","Percentage of active population","Seasonally adjusted data, not calendar adjusted data","Unemployment according to ILO definition - Total","7.6"
"2017M01","BG","Bulgaria","Percentage of active population","Seasonally adjusted data, not calendar adjusted data","Unemployment according to ILO definition - Total","6.6"
"2017M01","CZ","Czech Republic","Percentage of active population","Seasonally adjusted data, not calendar adjusted data","Unemployment according to ILO definition - Total","3.3"
"2017M01","DK","Denmark","Percentage of active population","Seasonally adjusted data, not calendar adjusted data","Unemployment according to ILO definition - Total","6.1"
"2017M01","DE","Germany (until 1990 former territory of the FRG)","Percentage of active population","Seasonally adjusted data, not calendar adjusted data","Unemployment according to ILO definition - Total","3.9"
"2017M01","EE","Estonia","Percentage of active population","Seasonally adjusted data, not calendar adjusted data","Unemployment according to ILO definition - Total","5.9"
"2017M01","IE","Ireland","Percentage of active population","Seasonally adjusted data, not calendar adjusted data","Unemployment according to ILO definition - Total","6.9"
"2017M01","EL","Greece","Percentage of active population","Seasonally adjusted data, not calendar adjusted data","Unemployment according to ILO definition - Total","23.1"
"2017M01","ES","Spain","Percentage of active population","Seasonally adjusted data, not calendar adjusted data","Unemployment according to ILO definition - Total","18.4"
"2017M01","FR","France","Percentage of active population","Seasonally adjusted data, not calendar adjusted data","Unemployment according to ILO definition - Total","9.7"
"2017M01","HR","Croatia","Percentage of active population","Seasonally adjusted data, not calendar adjusted data","Unemployment according to ILO definition - Total","12.1"
"2017M01","IT","Italy","Percentage of active population","Seasonally adjusted data, not calendar adjusted data","Unemployment according to ILO definition - Total","11.8"
"2017M01","CY","Cyprus","Percentage of active population","Seasonally adjusted data, not calendar adjusted data","Unemployment according to ILO definition - Total","12.7"
"2017M01","LV","Latvia","Percentage of active population","Seasonally adjusted data, not calendar adjusted data","Unemployment according to ILO definition - Total","9.4"
"2017M01","LT","Lithuania","Percentage of active population","Seasonally adjusted data, not calendar adjusted data","Unemployment according to ILO definition - Total","7.7"
"2017M01","LU","Luxembourg","Percentage of active population","Seasonally adjusted data, not calendar adjusted data","Unemployment according to ILO definition - Total","6.1"
"2017M01","HU","Hungary","Percentage of active population","Seasonally adjusted data, not calendar adjusted data","Unemployment according to ILO definition - Total","4.3"
"2017M01","MT","Malta","Percentage of active population","Seasonally adjusted data, not calendar adjusted data","Unemployment according to ILO definition - Total","4.4"
"2017M01","NL","Netherlands","Percentage of active population","Seasonally adjusted data, not calendar adjusted data","Unemployment according to ILO definition - Total","5.3"
"2017M01","AT","Austria","Percentage of active population","Seasonally adjusted data, not calendar adjusted data","Unemployment according to ILO definition - Total","5.7"
"2017M01","PL","Poland","Percentage of active population","Seasonally adjusted data, not calendar adjusted data","Unemployment according to ILO definition - Total","5.3"
"2017M01","PT","Portugal","Percentage of active population","Seasonally adjusted data, not calendar adjusted data","Unemployment according to ILO definition - Total","10.1"
"2017M01","RO","Romania","Percentage of active population","Seasonally adjusted data, not calendar adjusted data","Unemployment according to ILO definition - Total","5.3"
"2017M01","SI","Slovenia","Percentage of active population","Seasonally adjusted data, not calendar adjusted data","Unemployment according to ILO definition - Total","7.5"
"2017M01","SK","Slovakia","Percentage of active population","Seasonally adjusted data, not calendar adjusted data","Unemployment according to ILO definition - Total","8.7"
"2017M01","FI","Finland","Percentage of active population","Seasonally adjusted data, not calendar adjusted data","Unemployment according to ILO definition - Total","8.8"
"2017M01","SE","Sweden","Percentage of active population","Seasonally adjusted data, not calendar adjusted data","Unemployment according to ILO definition - Total","6.8"
"2017M01","UK","United Kingdom","Percentage of active population","Seasonally adjusted data, not calendar adjusted data","Unemployment according to ILO definition - Total","4.6"
"2017M01","IS","Iceland","Percentage of active population","Seasonally adjusted data, not calendar adjusted data","Unemployment according to ILO definition - Total","2.9"
"2017M01","NO","Norway","Percentage of active population","Seasonally adjusted data, not calendar adjusted data","Unemployment according to ILO definition - Total","4.2"
"2017M01","TR","Turkey","Percentage of active population","Seasonally adjusted data, not calendar adjusted data","Unemployment according to ILO definition - Total","11.6"
"2017M01","US","United States","Percentage of active population","Seasonally adjusted data, not calendar adjusted data","Unemployment according to ILO definition - Total","4.8"
"2017M01","JP","Japan","Percentage of active population","Seasonally adjusted data, not calendar adjusted data","Unemployment according to ILO definition - Total","3.0"
"2017M02","BE","Belgium","Percentage of active population","Seasonally adjusted data, not calendar adjusted data","Unemployment according to ILO definition - Total","7.7"
"2017M02","BG","Bulgaria","Percentage of active population","Seasonally adjusted data, not calendar adjusted data","Unemployment according to ILO definition - Total","6.6"
"2017M02","CZ","Czech Republic","Percentage of active population","Seasonally adjusted data, not calendar adjusted data","Unemployment according to ILO definition - Total","3.3"
"2017M02","DK","Denmark","Percentage of active population","Seasonally adjusted data, not calendar adjusted data","Unemployment according to ILO definition - Total","6.1"
"2017M02","DE","Germany (until 1990 former territory of the FRG)","Percentage of active population","Seasonally adjusted data, not calendar adjusted data","Unemployment according to ILO definition - Total","3.9"
"2017M02","EE","Estonia","Percentage of active population","Seasonally adjusted data, not calendar adjusted data","Unemployment according to ILO definition - Total","5.6"
"2017M02","IE","Ireland","Percentage of active population","Seasonally adjusted data, not calendar adjusted data","Unemployment according to ILO definition - Total","6.8"
"2017M02","EL","Greece","Percentage of active population","Seasonally adjusted data, not calendar adjusted data","Unemployment according to ILO definition - Total","22.6"
"2017M02","ES","Spain","Percentage of active population","Seasonally adjusted data, not calendar adjusted data","Unemployment according to ILO definition - Total","18.2"
"2017M02","FR","France","Percentage of active population","Seasonally adjusted data, not calendar adjusted data","Unemployment according to ILO definition - Total","9.6"
"2017M02","HR","Croatia","Percentage of active population","Seasonally adjusted data, not calendar adjusted data","Unemployment according to ILO definition - Total","11.8"
"2017M02","IT","Italy","Percentage of active population","Seasonally adjusted data, not calendar adjusted data","Unemployment according to ILO definition - Total","11.5"
"2017M02","CY","Cyprus","Percentage of active population","Seasonally adjusted data, not calendar adjusted data","Unemployment according to ILO definition - Total","12.5"
"2017M02","LV","Latvia","Percentage of active population","Seasonally adjusted data, not calendar adjusted data","Unemployment according to ILO definition - Total","9.0"
"2017M02","LT","Lithuania","Percentage of active population","Seasonally adjusted data, not calendar adjusted data","Unemployment according to ILO definition - Total","7.9"
"2017M02","LU","Luxembourg","Percentage of active population","Seasonally adjusted data, not calendar adjusted data","Unemployment according to ILO definition - Total","6.1"
"2017M02","HU","Hungary","Percentage of active population","Seasonally adjusted data, not calendar adjusted data","Unemployment according to ILO definition - Total","4.3"
"2017M02","MT","Malta","Percentage of active population","Seasonally adjusted data, not calendar adjusted data","Unemployment according to ILO definition - Total","4.3"
"2017M02","NL","Netherlands","Percentage of active population","Seasonally adjusted data, not calendar adjusted data","Unemployment according to ILO definition - Total","5.3"
"2017M02","AT","Austria","Percentage of active population","Seasonally adjusted data, not calendar adjusted data","Unemployment according to ILO definition - Total","5.8"
"2017M02","PL","Poland","Percentage of active population","Seasonally adjusted data, not calendar adjusted data","Unemployment according to ILO definition - Total","5.2"
"2017M02","PT","Portugal","Percentage of active population","Seasonally adjusted data, not calendar adjusted data","Unemployment according to ILO definition - Total","9.9"
"2017M02","RO","Romania","Percentage of active population","Seasonally adjusted data, not calendar adjusted data","Unemployment according to ILO definition - Total","5.3"
"2017M02","SI","Slovenia","Percentage of active population","Seasonally adjusted data, not calendar adjusted data","Unemployment according to ILO definition - Total","7.2"
"2017M02","SK","Slovakia","Percentage of active population","Seasonally adjusted data, not calendar adjusted data","Unemployment according to ILO definition - Total","8.6"
"2017M02","FI","Finland","Percentage of active population","Seasonally adjusted data, not calendar adjusted data","Unemployment according to ILO definition - Total","8.8"
"2017M02","SE","Sweden","Percentage of active population","Seasonally adjusted data, not calendar adjusted data","Unemployment according to ILO definition - Total","6.8"
"2017M02","UK","United Kingdom","Percentage of active population","Seasonally adjusted data, not calendar adjusted data","Unemployment according to ILO definition - Total","4.5"
"2017M02","IS","Iceland","Percentage of active population","Seasonally adjusted data, not calendar adjusted data","Unemployment according to ILO definition - Total","2.8"
"2017M02","NO","Norway","Percentage of active population","Seasonally adjusted data, not calendar adjusted data","Unemployment according to ILO definition - Total","4.3"
"2017M02","TR","Turkey","Percentage of active population","Seasonally adjusted data, not calendar adjusted data","Unemployment according to ILO definition - Total","11.6"
"2017M02","US","United States","Percentage of active population","Seasonally adjusted data, not calendar adjusted data","Unemployment according to ILO definition - Total","4.7"
"2017M02","JP","Japan","Percentage of active population","Seasonally adjusted data, not calendar adjusted data","Unemployment according to ILO definition - Total","2.8"
"2017M03","BE","Belgium","Percentage of active population","Seasonally adjusted data, not calendar adjusted data","Unemployment according to ILO definition - Total","7.6"
"2017M03","BG","Bulgaria","Percentage of active population","Seasonally adjusted data, not calendar adjusted data","Unemployment according to ILO definition - Total","6.4"
"2017M03","CZ","Czech Republic","Percentage of active population","Seasonally adjusted data, not calendar adjusted data","Unemployment according to ILO definition - Total","3.2"
"2017M03","DK","Denmark","Percentage of active population","Seasonally adjusted data, not calendar adjusted data","Unemployment according to ILO definition - Total","5.9"
"2017M03","DE","Germany (until 1990 former territory of the FRG)","Percentage of active population","Seasonally adjusted data, not calendar adjusted data","Unemployment according to ILO definition - Total","3.9"
"2017M03","EE","Estonia","Percentage of active population","Seasonally adjusted data, not calendar adjusted data","Unemployment according to ILO definition - Total","5.6"
"2017M03","IE","Ireland","Percentage of active population","Seasonally adjusted data, not calendar adjusted data","Unemployment according to ILO definition - Total","6.6"
"2017M03","EL","Greece","Percentage of active population","Seasonally adjusted data, not calendar adjusted data","Unemployment according to ILO definition - Total","22.1"
"2017M03","ES","Spain","Percentage of active population","Seasonally adjusted data, not calendar adjusted data","Unemployment according to ILO definition - Total","18.0"
"2017M03","FR","France","Percentage of active population","Seasonally adjusted data, not calendar adjusted data","Unemployment according to ILO definition - Total","9.6"
"2017M03","HR","Croatia","Percentage of active population","Seasonally adjusted data, not calendar adjusted data","Unemployment according to ILO definition - Total","11.6"
"2017M03","IT","Italy","Percentage of active population","Seasonally adjusted data, not calendar adjusted data","Unemployment according to ILO definition - Total","11.5"
"2017M03","CY","Cyprus","Percentage of active population","Seasonally adjusted data, not calendar adjusted data","Unemployment according to ILO definition - Total","12.1"
"2017M03","LV","Latvia","Percentage of active population","Seasonally adjusted data, not calendar adjusted data","Unemployment according to ILO definition - Total","8.7"
"2017M03","LT","Lithuania","Percentage of active population","Seasonally adjusted data, not calendar adjusted data","Unemployment according to ILO definition - Total","8.1"
"2017M03","LU","Luxembourg","Percentage of active population","Seasonally adjusted data, not calendar adjusted data","Unemployment according to ILO definition - Total","6.0"
"2017M03","HU","Hungary","Percentage of active population","Seasonally adjusted data, not calendar adjusted data","Unemployment according to ILO definition - Total","4.4"
"2017M03","MT","Malta","Percentage of active population","Seasonally adjusted data, not calendar adjusted data","Unemployment according to ILO definition - Total","4.2"
"2017M03","NL","Netherlands","Percentage of active population","Seasonally adjusted data, not calendar adjusted data","Unemployment according to ILO definition - Total","5.1"
"2017M03","AT","Austria","Percentage of active population","Seasonally adjusted data, not calendar adjusted data","Unemployment according to ILO definition - Total","5.7"
"2017M03","PL","Poland","Percentage of active population","Seasonally adjusted data, not calendar adjusted data","Unemployment according to ILO definition - Total","5.1"
"2017M03","PT","Portugal","Percentage of active population","Seasonally adjusted data, not calendar adjusted data","Unemployment according to ILO definition - Total","9.7"
"2017M03","RO","Romania","Percentage of active population","Seasonally adjusted data, not calendar adjusted data","Unemployment according to ILO definition - Total","5.3"
"2017M03","SI","Slovenia","Percentage of active population","Seasonally adjusted data, not calendar adjusted data","Unemployment according to ILO definition - Total","6.9"
"2017M03","SK","Slovakia","Percentage of active population","Seasonally adjusted data, not calendar adjusted data","Unemployment according to ILO definition - Total","8.5"
"2017M03","FI","Finland","Percentage of active population","Seasonally adjusted data, not calendar adjusted data","Unemployment according to ILO definition - Total","8.8"
"2017M03","SE","Sweden","Percentage of active population","Seasonally adjusted data, not calendar adjusted data","Unemployment according to ILO definition - Total","6.4"
"2017M03","UK","United Kingdom","Percentage of active population","Seasonally adjusted data, not calendar adjusted data","Unemployment according to ILO definition - Total","4.5"
"2017M03","IS","Iceland","Percentage of active population","Seasonally adjusted data, not calendar adjusted data","Unemployment according to ILO definition - Total","2.8"
"2017M03","NO","Norway","Percentage of active population","Seasonally adjusted data, not calendar adjusted data","Unemployment according to ILO definition - Total","4.5"
"2017M03","TR","Turkey","Percentage of active population","Seasonally adjusted data, not calendar adjusted data","Unemployment according to ILO definition - Total","11.5"
"2017M03","US","United States","Percentage of active population","Seasonally adjusted data, not calendar adjusted data","Unemployment according to ILO definition - Total","4.5"
"2017M03","JP","Japan","Percentage of active population","Seasonally adjusted data, not calendar adjusted data","Unemployment according to ILO definition - Total","2.8"
"2017M04","BE","Belgium","Percentage of active population","Seasonally adjusted data, not calendar adjusted data","Unemployment according to ILO definition - Total","7.4"
"2017M04","BG","Bulgaria","Percentage of active population","Seasonally adjusted data, not calendar adjusted data","Unemployment according to ILO definition - Total","6.2"
"2017M04","CZ","Czech Republic","Percentage of active population","Seasonally adjusted data, not calendar adjusted data","Unemployment according to ILO definition - Total","3.3"
"2017M04","DK","Denmark","Percentage of active population","Seasonally adjusted data, not calendar adjusted data","Unemployment according to ILO definition - Total","5.7"
"2017M04","DE","Germany (until 1990 former territory of the FRG)","Percentage of active population","Seasonally adjusted data, not calendar adjusted data","Unemployment according to ILO definition - Total","3.8"
"2017M04","EE","Estonia","Percentage of active population","Seasonally adjusted data, not calendar adjusted data","Unemployment according to ILO definition - Total","6.3"
"2017M04","IE","Ireland","Percentage of active population","Seasonally adjusted data, not calendar adjusted data","Unemployment according to ILO definition - Total","6.4"
"2017M04","EL","Greece","Percentage of active population","Seasonally adjusted data, not calendar adjusted data","Unemployment according to ILO definition - Total","21.8"
"2017M04","ES","Spain","Percentage of active population","Seasonally adjusted data, not calendar adjusted data","Unemployment according to ILO definition - Total","17.6"
"2017M04","FR","France","Percentage of active population","Seasonally adjusted data, not calendar adjusted data","Unemployment according to ILO definition - Total","9.5"
"2017M04","HR","Croatia","Percentage of active population","Seasonally adjusted data, not calendar adjusted data","Unemployment according to ILO definition - Total","11.4"
"2017M04","IT","Italy","Percentage of active population","Seasonally adjusted data, not calendar adjusted data","Unemployment according to ILO definition - Total","11.2"
"2017M04","CY","Cyprus","Percentage of active population","Seasonally adjusted data, not calendar adjusted data","Unemployment according to ILO definition - Total","11.6"
"2017M04","LV","Latvia","Percentage of active population","Seasonally adjusted data, not calendar adjusted data","Unemployment according to ILO definition - Total","8.8"
"2017M04","LT","Lithuania","Percentage of active population","Seasonally adjusted data, not calendar adjusted data","Unemployment according to ILO definition - Total","7.4"
"2017M04","LU","Luxembourg","Percentage of active population","Seasonally adjusted data, not calendar adjusted data","Unemployment according to ILO definition - Total","6.0"
"2017M04","HU","Hungary","Percentage of active population","Seasonally adjusted data, not calendar adjusted data","Unemployment according to ILO definition - Total","4.3"
"2017M04","MT","Malta","Percentage of active population","Seasonally adjusted data, not calendar adjusted data","Unemployment according to ILO definition - Total","4.1"
"2017M04","NL","Netherlands","Percentage of active population","Seasonally adjusted data, not calendar adjusted data","Unemployment according to ILO definition - Total","5.1"
"2017M04","AT","Austria","Percentage of active population","Seasonally adjusted data, not calendar adjusted data","Unemployment according to ILO definition - Total","5.6"
"2017M04","PL","Poland","Percentage of active population","Seasonally adjusted data, not calendar adjusted data","Unemployment according to ILO definition - Total","5.1"
"2017M04","PT","Portugal","Percentage of active population","Seasonally adjusted data, not calendar adjusted data","Unemployment according to ILO definition - Total","9.5"
"2017M04","RO","Romania","Percentage of active population","Seasonally adjusted data, not calendar adjusted data","Unemployment according to ILO definition - Total","4.8"
"2017M04","SI","Slovenia","Percentage of active population","Seasonally adjusted data, not calendar adjusted data","Unemployment according to ILO definition - Total","6.8"
"2017M04","SK","Slovakia","Percentage of active population","Seasonally adjusted data, not calendar adjusted data","Unemployment according to ILO definition - Total","8.4"
"2017M04","FI","Finland","Percentage of active population","Seasonally adjusted data, not calendar adjusted data","Unemployment according to ILO definition - Total","8.8"
"2017M04","SE","Sweden","Percentage of active population","Seasonally adjusted data, not calendar adjusted data","Unemployment according to ILO definition - Total","6.7"
"2017M04","UK","United Kingdom","Percentage of active population","Seasonally adjusted data, not calendar adjusted data","Unemployment according to ILO definition - Total","4.4"
"2017M04","IS","Iceland","Percentage of active population","Seasonally adjusted data, not calendar adjusted data","Unemployment according to ILO definition - Total","2.8"
"2017M04","NO","Norway","Percentage of active population","Seasonally adjusted data, not calendar adjusted data","Unemployment according to ILO definition - Total","4.5"
"2017M04","TR","Turkey","Percentage of active population","Seasonally adjusted data, not calendar adjusted data","Unemployment according to ILO definition - Total","11.3"
"2017M04","US","United States","Percentage of active population","Seasonally adjusted data, not calendar adjusted data","Unemployment according to ILO definition - Total","4.4"
"2017M04","JP","Japan","Percentage of active population","Seasonally adjusted data, not calendar adjusted data","Unemployment according to ILO definition - Total","2.8"
"2017M05","BE","Belgium","Percentage of active population","Seasonally adjusted data, not calendar adjusted data","Unemployment according to ILO definition - Total","7.3"
"2017M05","BG","Bulgaria","Percentage of active population","Seasonally adjusted data, not calendar adjusted data","Unemployment according to ILO definition - Total","6.1"
"2017M05","CZ","Czech Republic","Percentage of active population","Seasonally adjusted data, not calendar adjusted data","Unemployment according to ILO definition - Total","3.0"
"2017M05","DK","Denmark","Percentage of active population","Seasonally adjusted data, not calendar adjusted data","Unemployment according to ILO definition - Total","5.7"
"2017M05","DE","Germany (until 1990 former territory of the FRG)","Percentage of active population","Seasonally adjusted data, not calendar adjusted data","Unemployment according to ILO definition - Total","3.8"
"2017M05","EE","Estonia","Percentage of active population","Seasonally adjusted data, not calendar adjusted data","Unemployment according to ILO definition - Total","6.7"
"2017M05","IE","Ireland","Percentage of active population","Seasonally adjusted data, not calendar adjusted data","Unemployment according to ILO definition - Total","6.2"
"2017M05","EL","Greece","Percentage of active population","Seasonally adjusted data, not calendar adjusted data","Unemployment according to ILO definition - Total","21.6"
"2017M05","ES","Spain","Percentage of active population","Seasonally adjusted data, not calendar adjusted data","Unemployment according to ILO definition - Total","17.3"
"2017M05","FR","France","Percentage of active population","Seasonally adjusted data, not calendar adjusted data","Unemployment according to ILO definition - Total","9.5"
"2017M05","HR","Croatia","Percentage of active population","Seasonally adjusted data, not calendar adjusted data","Unemployment according to ILO definition - Total","11.1"
"2017M05","IT","Italy","Percentage of active population","Seasonally adjusted data, not calendar adjusted data","Unemployment according to ILO definition - Total","11.3"
"2017M05","CY","Cyprus","Percentage of active population","Seasonally adjusted data, not calendar adjusted data","Unemployment according to ILO definition - Total","11.3"
"2017M05","LV","Latvia","Percentage of active population","Seasonally adjusted data, not calendar adjusted data","Unemployment according to ILO definition - Total","8.9"
"2017M05","LT","Lithuania","Percentage of active population","Seasonally adjusted data, not calendar adjusted data","Unemployment according to ILO definition - Total","7.0"
"2017M05","LU","Luxembourg","Percentage of active population","Seasonally adjusted data, not calendar adjusted data","Unemployment according to ILO definition - Total","6.0"
"2017M05","HU","Hungary","Percentage of active population","Seasonally adjusted data, not calendar adjusted data","Unemployment according to ILO definition - Total","4.3"
"2017M05","MT","Malta","Percentage of active population","Seasonally adjusted data, not calendar adjusted data","Unemployment according to ILO definition - Total","4.1"
"2017M05","NL","Netherlands","Percentage of active population","Seasonally adjusted data, not calendar adjusted data","Unemployment according to ILO definition - Total","5.1"
"2017M05","AT","Austria","Percentage of active population","Seasonally adjusted data, not calendar adjusted data","Unemployment according to ILO definition - Total","5.4"
"2017M05","PL","Poland","Percentage of active population","Seasonally adjusted data, not calendar adjusted data","Unemployment according to ILO definition - Total","5.0"
"2017M05","PT","Portugal","Percentage of active population","Seasonally adjusted data, not calendar adjusted data","Unemployment according to ILO definition - Total","9.2"
"2017M05","RO","Romania","Percentage of active population","Seasonally adjusted data, not calendar adjusted data","Unemployment according to ILO definition - Total","5.2"
"2017M05","SI","Slovenia","Percentage of active population","Seasonally adjusted data, not calendar adjusted data","Unemployment according to ILO definition - Total","6.7"
"2017M05","SK","Slovakia","Percentage of active population","Seasonally adjusted data, not calendar adjusted data","Unemployment according to ILO definition - Total","8.3"
"2017M05","FI","Finland","Percentage of active population","Seasonally adjusted data, not calendar adjusted data","Unemployment according to ILO definition - Total","8.8"
"2017M05","SE","Sweden","Percentage of active population","Seasonally adjusted data, not calendar adjusted data","Unemployment according to ILO definition - Total","6.8"
"2017M05","UK","United Kingdom","Percentage of active population","Seasonally adjusted data, not calendar adjusted data","Unemployment according to ILO definition - Total","4.4"
"2017M05","IS","Iceland","Percentage of active population","Seasonally adjusted data, not calendar adjusted data","Unemployment according to ILO definition - Total","2.8"
"2017M05","NO","Norway","Percentage of active population","Seasonally adjusted data, not calendar adjusted data","Unemployment according to ILO definition - Total","4.3"
"2017M05","TR","Turkey","Percentage of active population","Seasonally adjusted data, not calendar adjusted data","Unemployment according to ILO definition - Total","11.3"
"2017M05","US","United States","Percentage of active population","Seasonally adjusted data, not calendar adjusted data","Unemployment according to ILO definition - Total","4.3"
"2017M05","JP","Japan","Percentage of active population","Seasonally adjusted data, not calendar adjusted data","Unemployment according to ILO definition - Total","3.1"
"2017M06","BE","Belgium","Percentage of active population","Seasonally adjusted data, not calendar adjusted data","Unemployment according to ILO definition - Total","7.2"
"2017M06","BG","Bulgaria","Percentage of active population","Seasonally adjusted data, not calendar adjusted data","Unemployment according to ILO definition - Total","6.1"
"2017M06","CZ","Czech Republic","Percentage of active population","Seasonally adjusted data, not calendar adjusted data","Unemployment according to ILO definition - Total","2.9"
"2017M06","DK","Denmark","Percentage of active population","Seasonally adjusted data, not calendar adjusted data","Unemployment according to ILO definition - Total","5.7"
"2017M06","DE","Germany (until 1990 former territory of the FRG)","Percentage of active population","Seasonally adjusted data, not calendar adjusted data","Unemployment according to ILO definition - Total","3.7"
"2017M06","EE","Estonia","Percentage of active population","Seasonally adjusted data, not calendar adjusted data","Unemployment according to ILO definition - Total","6.4"
"2017M06","IE","Ireland","Percentage of active population","Seasonally adjusted data, not calendar adjusted data","Unemployment according to ILO definition - Total","6.1"
"2017M06","EL","Greece","Percentage of active population","Seasonally adjusted data, not calendar adjusted data","Unemployment according to ILO definition - Total","21.3"
"2017M06","ES","Spain","Percentage of active population","Seasonally adjusted data, not calendar adjusted data","Unemployment according to ILO definition - Total","17.0"
"2017M06","FR","France","Percentage of active population","Seasonally adjusted data, not calendar adjusted data","Unemployment according to ILO definition - Total","9.6"
"2017M06","HR","Croatia","Percentage of active population","Seasonally adjusted data, not calendar adjusted data","Unemployment according to ILO definition - Total","10.9"
"2017M06","IT","Italy","Percentage of active population","Seasonally adjusted data, not calendar adjusted data","Unemployment according to ILO definition - Total","11.1"
"2017M06","CY","Cyprus","Percentage of active population","Seasonally adjusted data, not calendar adjusted data","Unemployment according to ILO definition - Total","10.9"
"2017M06","LV","Latvia","Percentage of active population","Seasonally adjusted data, not calendar adjusted data","Unemployment according to ILO definition - Total","8.8"
"2017M06","LT","Lithuania","Percentage of active population","Seasonally adjusted data, not calendar adjusted data","Unemployment according to ILO definition - Total","7.0"
"2017M06","LU","Luxembourg","Percentage of active population","Seasonally adjusted data, not calendar adjusted data","Unemployment according to ILO definition - Total","6.0"
"2017M06","HU","Hungary","Percentage of active population","Seasonally adjusted data, not calendar adjusted data","Unemployment according to ILO definition - Total","4.3"
"2017M06","MT","Malta","Percentage of active population","Seasonally adjusted data, not calendar adjusted data","Unemployment according to ILO definition - Total","4.0"
"2017M06","NL","Netherlands","Percentage of active population","Seasonally adjusted data, not calendar adjusted data","Unemployment according to ILO definition - Total","4.9"
"2017M06","AT","Austria","Percentage of active population","Seasonally adjusted data, not calendar adjusted data","Unemployment according to ILO definition - Total","5.3"
"2017M06","PL","Poland","Percentage of active population","Seasonally adjusted data, not calendar adjusted data","Unemployment according to ILO definition - Total","5.0"
"2017M06","PT","Portugal","Percentage of active population","Seasonally adjusted data, not calendar adjusted data","Unemployment according to ILO definition - Total","9.1"
"2017M06","RO","Romania","Percentage of active population","Seasonally adjusted data, not calendar adjusted data","Unemployment according to ILO definition - Total","5.0"
"2017M06","SI","Slovenia","Percentage of active population","Seasonally adjusted data, not calendar adjusted data","Unemployment according to ILO definition - Total","6.6"
"2017M06","SK","Slovakia","Percentage of active population","Seasonally adjusted data, not calendar adjusted data","Unemployment according to ILO definition - Total","7.9"
"2017M06","FI","Finland","Percentage of active population","Seasonally adjusted data, not calendar adjusted data","Unemployment according to ILO definition - Total","8.7"
"2017M06","SE","Sweden","Percentage of active population","Seasonally adjusted data, not calendar adjusted data","Unemployment according to ILO definition - Total","6.5"
"2017M06","UK","United Kingdom","Percentage of active population","Seasonally adjusted data, not calendar adjusted data","Unemployment according to ILO definition - Total","4.3"
"2017M06","IS","Iceland","Percentage of active population","Seasonally adjusted data, not calendar adjusted data","Unemployment according to ILO definition - Total","2.8"
"2017M06","NO","Norway","Percentage of active population","Seasonally adjusted data, not calendar adjusted data","Unemployment according to ILO definition - Total","4.3"
"2017M06","TR","Turkey","Percentage of active population","Seasonally adjusted data, not calendar adjusted data","Unemployment according to ILO definition - Total","11.1"
"2017M06","US","United States","Percentage of active population","Seasonally adjusted data, not calendar adjusted data","Unemployment according to ILO definition - Total","4.4"
"2017M06","JP","Japan","Percentage of active population","Seasonally adjusted data, not calendar adjusted data","Unemployment according to ILO definition - Total","2.8"
"2017M07","BE","Belgium","Percentage of active population","Seasonally adjusted data, not calendar adjusted data","Unemployment according to ILO definition - Total","7.3"
"2017M07","BG","Bulgaria","Percentage of active population","Seasonally adjusted data, not calendar adjusted data","Unemployment according to ILO definition - Total","6.1"
"2017M07","CZ","Czech Republic","Percentage of active population","Seasonally adjusted data, not calendar adjusted data","Unemployment according to ILO definition - Total","2.8"
"2017M07","DK","Denmark","Percentage of active population","Seasonally adjusted data, not calendar adjusted data","Unemployment according to ILO definition - Total","5.8"
"2017M07","DE","Germany (until 1990 former territory of the FRG)","Percentage of active population","Seasonally adjusted data, not calendar adjusted data","Unemployment according to ILO definition - Total","3.7"
"2017M07","EE","Estonia","Percentage of active population","Seasonally adjusted data, not calendar adjusted data","Unemployment according to ILO definition - Total","5.9"
"2017M07","IE","Ireland","Percentage of active population","Seasonally adjusted data, not calendar adjusted data","Unemployment according to ILO definition - Total","6.2"
"2017M07","EL","Greece","Percentage of active population","Seasonally adjusted data, not calendar adjusted data","Unemployment according to ILO definition - Total","21.0"
"2017M07","ES","Spain","Percentage of active population","Seasonally adjusted data, not calendar adjusted data","Unemployment according to ILO definition - Total","16.9"
"2017M07","FR","France","Percentage of active population","Seasonally adjusted data, not calendar adjusted data","Unemployment according to ILO definition - Total","9.7"
"2017M07","HR","Croatia","Percentage of active population","Seasonally adjusted data, not calendar adjusted data","Unemployment according to ILO definition - Total","10.8"
"2017M07","IT","Italy","Percentage of active population","Seasonally adjusted data, not calendar adjusted data","Unemployment according to ILO definition - Total","11.3"
"2017M07","CY","Cyprus","Percentage of active population","Seasonally adjusted data, not calendar adjusted data","Unemployment according to ILO definition - Total","10.7"
"2017M07","LV","Latvia","Percentage of active population","Seasonally adjusted data, not calendar adjusted data","Unemployment according to ILO definition - Total","8.5"
"2017M07","LT","Lithuania","Percentage of active population","Seasonally adjusted data, not calendar adjusted data","Unemployment according to ILO definition - Total","7.6"
"2017M07","LU","Luxembourg","Percentage of active population","Seasonally adjusted data, not calendar adjusted data","Unemployment according to ILO definition - Total","6.1"
"2017M07","HU","Hungary","Percentage of active population","Seasonally adjusted data, not calendar adjusted data","Unemployment according to ILO definition - Total","4.3"
"2017M07","MT","Malta","Percentage of active population","Seasonally adjusted data, not calendar adjusted data","Unemployment according to ILO definition - Total","4.1"
"2017M07","NL","Netherlands","Percentage of active population","Seasonally adjusted data, not calendar adjusted data","Unemployment according to ILO definition - Total","4.8"
"2017M07","AT","Austria","Percentage of active population","Seasonally adjusted data, not calendar adjusted data","Unemployment according to ILO definition - Total","5.4"
"2017M07","PL","Poland","Percentage of active population","Seasonally adjusted data, not calendar adjusted data","Unemployment according to ILO definition - Total","4.8"
"2017M07","PT","Portugal","Percentage of active population","Seasonally adjusted data, not calendar adjusted data","Unemployment according to ILO definition - Total","8.9"
"2017M07","RO","Romania","Percentage of active population","Seasonally adjusted data, not calendar adjusted data","Unemployment according to ILO definition - Total","5.2"
"2017M07","SI","Slovenia","Percentage of active population","Seasonally adjusted data, not calendar adjusted data","Unemployment according to ILO definition - Total","6.5"
"2017M07","SK","Slovakia","Percentage of active population","Seasonally adjusted data, not calendar adjusted data","Unemployment according to ILO definition - Total","7.7"
"2017M07","FI","Finland","Percentage of active population","Seasonally adjusted data, not calendar adjusted data","Unemployment according to ILO definition - Total","8.7"
"2017M07","SE","Sweden","Percentage of active population","Seasonally adjusted data, not calendar adjusted data","Unemployment according to ILO definition - Total","7.1"
"2017M07","UK","United Kingdom","Percentage of active population","Seasonally adjusted data, not calendar adjusted data","Unemployment according to ILO definition - Total","4.2"
"2017M07","IS","Iceland","Percentage of active population","Seasonally adjusted data, not calendar adjusted data","Unemployment according to ILO definition - Total","2.9"
"2017M07","NO","Norway","Percentage of active population","Seasonally adjusted data, not calendar adjusted data","Unemployment according to ILO definition - Total","4.2"
"2017M07","TR","Turkey","Percentage of active population","Seasonally adjusted data, not calendar adjusted data","Unemployment according to ILO definition - Total","11.3"
"2017M07","US","United States","Percentage of active population","Seasonally adjusted data, not calendar adjusted data","Unemployment according to ILO definition - Total","4.3"
"2017M07","JP","Japan","Percentage of active population","Seasonally adjusted data, not calendar adjusted data","Unemployment according to ILO definition - Total","2.8"
"2017M08","BE","Belgium","Percentage of active population","Seasonally adjusted data, not calendar adjusted data","Unemployment according to ILO definition - Total","7.3"
"2017M08","BG","Bulgaria","Percentage of active population","Seasonally adjusted data, not calendar adjusted data","Unemployment according to ILO definition - Total","6.2"
"2017M08","CZ","Czech Republic","Percentage of active population","Seasonally adjusted data, not calendar adjusted data","Unemployment according to ILO definition - Total","2.8"
"2017M08","DK","Denmark","Percentage of active population","Seasonally adjusted data, not calendar adjusted data","Unemployment according to ILO definition - Total","5.7"
"2017M08","DE","Germany (until 1990 former territory of the FRG)","Percentage of active population","Seasonally adjusted data, not calendar adjusted data","Unemployment according to ILO definition - Total","3.6"
"2017M08","EE","Estonia","Percentage of active population","Seasonally adjusted data, not calendar adjusted data","Unemployment according to ILO definition - Total","5.4"
"2017M08","IE","Ireland","Percentage of active population","Seasonally adjusted data, not calendar adjusted data","Unemployment according to ILO definition - Total","6.1"
"2017M08","EL","Greece","Percentage of active population","Seasonally adjusted data, not calendar adjusted data","Unemployment according to ILO definition - Total",":"
"2017M08","ES","Spain","Percentage of active population","Seasonally adjusted data, not calendar adjusted data","Unemployment according to ILO definition - Total","16.8"
"2017M08","FR","France","Percentage of active population","Seasonally adjusted data, not calendar adjusted data","Unemployment according to ILO definition - Total","9.7"
"2017M08","HR","Croatia","Percentage of active population","Seasonally adjusted data, not calendar adjusted data","Unemployment according to ILO definition - Total","10.7"
"2017M08","IT","Italy","Percentage of active population","Seasonally adjusted data, not calendar adjusted data","Unemployment according to ILO definition - Total","11.1"
"2017M08","CY","Cyprus","Percentage of active population","Seasonally adjusted data, not calendar adjusted data","Unemployment according to ILO definition - Total","10.6"
"2017M08","LV","Latvia","Percentage of active population","Seasonally adjusted data, not calendar adjusted data","Unemployment according to ILO definition - Total","8.2"
"2017M08","LT","Lithuania","Percentage of active population","Seasonally adjusted data, not calendar adjusted data","Unemployment according to ILO definition - Total","7.5"
"2017M08","LU","Luxembourg","Percentage of active population","Seasonally adjusted data, not calendar adjusted data","Unemployment according to ILO definition - Total","6.0"
"2017M08","HU","Hungary","Percentage of active population","Seasonally adjusted data, not calendar adjusted data","Unemployment according to ILO definition - Total","4.2"
"2017M08","MT","Malta","Percentage of active population","Seasonally adjusted data, not calendar adjusted data","Unemployment according to ILO definition - Total","4.1"
"2017M08","NL","Netherlands","Percentage of active population","Seasonally adjusted data, not calendar adjusted data","Unemployment according to ILO definition - Total","4.7"
"2017M08","AT","Austria","Percentage of active population","Seasonally adjusted data, not calendar adjusted data","Unemployment according to ILO definition - Total","5.5"
"2017M08","PL","Poland","Percentage of active population","Seasonally adjusted data, not calendar adjusted data","Unemployment according to ILO definition - Total","4.7"
"2017M08","PT","Portugal","Percentage of active population","Seasonally adjusted data, not calendar adjusted data","Unemployment according to ILO definition - Total","8.8"
"2017M08","RO","Romania","Percentage of active population","Seasonally adjusted data, not calendar adjusted data","Unemployment according to ILO definition - Total","5.1"
"2017M08","SI","Slovenia","Percentage of active population","Seasonally adjusted data, not calendar adjusted data","Unemployment according to ILO definition - Total","6.5"
"2017M08","SK","Slovakia","Percentage of active population","Seasonally adjusted data, not calendar adjusted data","Unemployment according to ILO definition - Total","7.4"
"2017M08","FI","Finland","Percentage of active population","Seasonally adjusted data, not calendar adjusted data","Unemployment according to ILO definition - Total","8.7"
"2017M08","SE","Sweden","Percentage of active population","Seasonally adjusted data, not calendar adjusted data","Unemployment according to ILO definition - Total","6.6"
"2017M08","UK","United Kingdom","Percentage of active population","Seasonally adjusted data, not calendar adjusted data","Unemployment according to ILO definition - Total",":"
"2017M08","IS","Iceland","Percentage of active population","Seasonally adjusted data, not calendar adjusted data","Unemployment according to ILO definition - Total","2.9"
"2017M08","NO","Norway","Percentage of active population","Seasonally adjusted data, not calendar adjusted data","Unemployment according to ILO definition - Total","4.1"
"2017M08","TR","Turkey","Percentage of active population","Seasonally adjusted data, not calendar adjusted data","Unemployment according to ILO definition - Total",":"
"2017M08","US","United States","Percentage of active population","Seasonally adjusted data, not calendar adjusted data","Unemployment according to ILO definition - Total","4.4"
"2017M08","JP","Japan","Percentage of active population","Seasonally adjusted data, not calendar adjusted data","Unemployment according to ILO definition - Total","2.8"
"2017M09","BE","Belgium","Percentage of active population","Seasonally adjusted data, not calendar adjusted data","Unemployment according to ILO definition - Total","7.1"
"2017M09","BG","Bulgaria","Percentage of active population","Seasonally adjusted data, not calendar adjusted data","Unemployment according to ILO definition - Total","6.1"
"2017M09","CZ","Czech Republic","Percentage of active population","Seasonally adjusted data, not calendar adjusted data","Unemployment according to ILO definition - Total","2.7"
"2017M09","DK","Denmark","Percentage of active population","Seasonally adjusted data, not calendar adjusted data","Unemployment according to ILO definition - Total","5.7"
"2017M09","DE","Germany (until 1990 former territory of the FRG)","Percentage of active population","Seasonally adjusted data, not calendar adjusted data","Unemployment according to ILO definition - Total","3.6"
"2017M09","EE","Estonia","Percentage of active population","Seasonally adjusted data, not calendar adjusted data","Unemployment according to ILO definition - Total",":"
"2017M09","IE","Ireland","Percentage of active population","Seasonally adjusted data, not calendar adjusted data","Unemployment according to ILO definition - Total","6.1"
"2017M09","EL","Greece","Percentage of active population","Seasonally adjusted data, not calendar adjusted data","Unemployment according to ILO definition - Total",":"
"2017M09","ES","Spain","Percentage of active population","Seasonally adjusted data, not calendar adjusted data","Unemployment according to ILO definition - Total","16.7"
"2017M09","FR","France","Percentage of active population","Seasonally adjusted data, not calendar adjusted data","Unemployment according to ILO definition - Total","9.7"
"2017M09","HR","Croatia","Percentage of active population","Seasonally adjusted data, not calendar adjusted data","Unemployment according to ILO definition - Total","10.5"
"2017M09","IT","Italy","Percentage of active population","Seasonally adjusted data, not calendar adjusted data","Unemployment according to ILO definition - Total","11.1"
"2017M09","CY","Cyprus","Percentage of active population","Seasonally adjusted data, not calendar adjusted data","Unemployment according to ILO definition - Total","10.3"
"2017M09","LV","Latvia","Percentage of active population","Seasonally adjusted data, not calendar adjusted data","Unemployment according to ILO definition - Total","7.9"
"2017M09","LT","Lithuania","Percentage of active population","Seasonally adjusted data, not calendar adjusted data","Unemployment according to ILO definition - Total","7.7"
"2017M09","LU","Luxembourg","Percentage of active population","Seasonally adjusted data, not calendar adjusted data","Unemployment according to ILO definition - Total","6.0"
"2017M09","HU","Hungary","Percentage of active population","Seasonally adjusted data, not calendar adjusted data","Unemployment according to ILO definition - Total",":"
"2017M09","MT","Malta","Percentage of active population","Seasonally adjusted data, not calendar adjusted data","Unemployment according to ILO definition - Total","4.1"
"2017M09","NL","Netherlands","Percentage of active population","Seasonally adjusted data, not calendar adjusted data","Unemployment according to ILO definition - Total","4.7"
"2017M09","AT","Austria","Percentage of active population","Seasonally adjusted data, not calendar adjusted data","Unemployment according to ILO definition - Total","5.6"
"2017M09","PL","Poland","Percentage of active population","Seasonally adjusted data, not calendar adjusted data","Unemployment according to ILO definition - Total","4.6"
"2017M09","PT","Portugal","Percentage of active population","Seasonally adjusted data, not calendar adjusted data","Unemployment according to ILO definition - Total","8.6"
"2017M09","RO","Romania","Percentage of active population","Seasonally adjusted data, not calendar adjusted data","Unemployment according to ILO definition - Total","5.0"
"2017M09","SI","Slovenia","Percentage of active population","Seasonally adjusted data, not calendar adjusted data","Unemployment according to ILO definition - Total","6.4"
"2017M09","SK","Slovakia","Percentage of active population","Seasonally adjusted data, not calendar adjusted data","Unemployment according to ILO definition - Total","7.2"
"2017M09","FI","Finland","Percentage of active population","Seasonally adjusted data, not calendar adjusted data","Unemployment according to ILO definition - Total","8.7"
"2017M09","SE","Sweden","Percentage of active population","Seasonally adjusted data, not calendar adjusted data","Unemployment according to ILO definition - Total","6.8"
"2017M09","UK","United Kingdom","Percentage of active population","Seasonally adjusted data, not calendar adjusted data","Unemployment according to ILO definition - Total",":"
"2017M09","IS","Iceland","Percentage of active population","Seasonally adjusted data, not calendar adjusted data","Unemployment according to ILO definition - Total","2.9"
"2017M09","NO","Norway","Percentage of active population","Seasonally adjusted data, not calendar adjusted data","Unemployment according to ILO definition - Total",":"
"2017M09","TR","Turkey","Percentage of active population","Seasonally adjusted data, not calendar adjusted data","Unemployment according to ILO definition - Total",":"
"2017M09","US","United States","Percentage of active population","Seasonally adjusted data, not calendar adjusted data","Unemployment according to ILO definition - Total","4.2"
"2017M09","JP","Japan","Percentage of active population","Seasonally adjusted data, not calendar adjusted data","Unemployment according to ILO definition - Total","2.8"
